{"cameraMode":{"drawMode":0,"name":"Shaded","section":"Shading Mode"},"sceneLighting":true,"audioPlay":false,"sceneViewState":{"m_AlwaysRefresh":false,"showFog":true,"showSkybox":true,"showFlares":true,"showImageEffects":true,"showParticleSystems":true,"showVisualEffectGraphs":true,"m_FxEnabled":true},"in2DMode":false,"pivot":{"x":25.48051643371582,"y":1.4657936096191407,"z":-2.1806106567382814},"rotation":{"x":-0.019790055230259897,"y":-0.04288129135966301,"z":0.0008495739893987775,"w":-0.9988846182823181},"size":8.629105567932129,"orthographic":false}