{"cameraMode":{"drawMode":0,"name":"Shaded","section":"Shading Mode"},"sceneLighting":true,"audioPlay":false,"sceneViewState":{"m_AlwaysRefresh":false,"showFog":true,"showSkybox":true,"showFlares":true,"showImageEffects":true,"showParticleSystems":true,"showVisualEffectGraphs":true,"m_FxEnabled":true},"in2DMode":false,"pivot":{"x":4.09609317779541,"y":26.94732093811035,"z":-7.498183250427246},"rotation":{"x":-0.07523355633020401,"y":-0.011370374821126461,"z":0.0008580524008721113,"w":-0.9971030950546265},"size":0.527208685874939,"orthographic":false}